id,first_name,last_name,email,passwd,current_status,created_at,updated_at
1,Hunt,Searight,hsearight0@nationalgeographic.com,"jW3},cHsG",inactive,2023-11-14 09:28:35,2023-11-14 09:28:35
2,Elmore,Wethey,ewethey1@chron.com,vA6=BK<$tiW,active,2023-11-14 09:28:35,2023-11-14 09:28:35
3,Kameko,Kintish,kkintish2@mayoclinic.com,zE7\KCKL2(RT(,inactive,2023-11-14 09:28:35,2023-11-14 09:28:35
4,Bail,Welch,bwelch3@chicagotribune.com,eP0_zPlwP,active,2023-11-14 09:28:35,2023-11-14 09:28:35
5,Kory,Tinner,ktinner4@washington.edu,pB6)r|w*klb}G,inactive,2023-11-14 09:28:35,2023-11-14 09:28:35
6,Guillermo,Raggles,graggles5@amazon.co.uk,tN1`C}Ks63wRr,inactive,2023-11-14 09:28:35,2023-11-14 09:28:35
7,Purcell,Hedney,phedney6@1688.com,"qH6""ao2d<7TRB6T",inactive,2023-11-14 09:28:35,2023-11-14 09:28:35
8,Franky,Ciccerale,fciccerale7@noaa.gov,yA9!vw`6VV6Q,active,2023-11-14 09:28:35,2023-11-14 09:28:35
9,Tamma,Ambrogetti,tambrogetti8@bigcartel.com,tP8+h'_f,active,2023-11-14 09:28:35,2023-11-14 09:28:35
10,Hephzibah,Dunge,hdunge9@microsoft.com,cP0$fN!~\%,active,2023-11-14 09:28:35,2023-11-14 09:28:35
11,Charlotta,Heavy,cheavya@fotki.com,rR5*WOJ+pj!Pwc,inactive,2023-11-14 09:28:35,2023-11-14 09:28:35
12,Magnum,Terbruggen,mterbruggenb@google.ru,qJ7+)'QExGAZI,inactive,2023-11-14 09:28:35,2023-11-14 09:28:35
13,Cary,Daughtery,cdaughteryc@ebay.co.uk,aP7?Z'+nS=LF3`,inactive,2023-11-14 09:28:35,2023-11-14 09:28:35
14,Brittni,Winpenny,bwinpennyd@globo.com,gV2$lpnq7u?5#0,active,2023-11-14 09:28:35,2023-11-14 09:28:35
15,Bradan,Benesevich,bbeneseviche@squarespace.com,bI3.?q@&pV18c%,inactive,2023-11-14 09:28:35,2023-11-14 09:28:35
16,Kean,Archell,karchellf@nasa.gov,"pL4\AlF#5y,%",inactive,2023-11-14 09:28:35,2023-11-14 09:28:35
17,Kingsly,Burfield,kburfieldg@va.gov,"nQ5)03''"">3JK,=P",active,2023-11-14 09:28:35,2023-11-14 09:28:35
18,Darnall,Picton,dpictonh@phpbb.com,lR9$Gm\LA,inactive,2023-11-14 09:28:35,2023-11-14 09:28:35
19,Stephenie,Bresland,sbreslandi@wired.com,oK2(j/TE_,active,2023-11-14 09:28:35,2023-11-14 09:28:35
20,Virginie,Hellings,vhellingsj@vkontakte.ru,qH1)C@wecZ/pJiG,inactive,2023-11-14 09:28:35,2023-11-14 09:28:35
21,Jordana,Swire,jswirek@myspace.com,fN8#)NBMl,active,2023-11-14 09:28:40,2023-11-14 09:28:40
22,Nicolette,Mallaby,nmallabyl@slate.com,vT3_P_9xG)w5Ch,inactive,2023-11-14 09:28:40,2023-11-14 09:28:40
23,Otes,Wymer,owymerm@dion.ne.jp,sR5$M|TB(kBX>Ps,inactive,2023-11-14 09:28:40,2023-11-14 09:28:40
24,Melamie,Milbourne,mmilbournen@redcross.org,pT1&GA'N|JgR5Cuj,inactive,2023-11-14 09:28:40,2023-11-14 09:28:40
25,Hadley,Durno,hdurnoo@unicef.org,hA4/Bga(z&V,active,2023-11-14 09:28:40,2023-11-14 09:28:40
26,Deb,Shutle,dshutlep@newsvine.com,xA2{tj*yr{ux,inactive,2023-11-14 09:28:40,2023-11-14 09:28:40
27,Raimund,Treske,rtreskeq@google.com,"nW5/c%3tLpFq,29!",active,2023-11-14 09:28:40,2023-11-14 09:28:40
28,Gwenette,Coldham,gcoldhamr@fda.gov,eA1%EE)@,active,2023-11-14 09:28:40,2023-11-14 09:28:40
29,Marybelle,Slowcock,mslowcocks@ycombinator.com,jC8`Z)j|J,inactive,2023-11-14 09:28:40,2023-11-14 09:28:40
30,Willow,Hewkin,whewkint@drupal.org,"kK5""RZBZZuPPKv/",active,2023-11-14 09:28:40,2023-11-14 09:28:40
31,Hall,Tregea,htregeau@cnbc.com,"pD4""`5mPx&n`49",inactive,2023-11-14 09:28:40,2023-11-14 09:28:40
32,Lee,Goodlad,lgoodladv@istockphoto.com,gH5=LOF'*\yg,inactive,2023-11-14 09:28:40,2023-11-14 09:28:40
33,Luigi,Penvarne,lpenvarnew@dell.com,pD1)Y0o+>u,active,2023-11-14 09:28:40,2023-11-14 09:28:40
34,Ivan,Went,iwentx@state.tx.us,wG0|q0a8q@F6&>`,inactive,2023-11-14 09:28:40,2023-11-14 09:28:40
35,Byrom,Dollman,bdollmany@multiply.com,"cH0""p6wM9ZNl46N",inactive,2023-11-14 09:28:40,2023-11-14 09:28:40
36,Petey,Goodrich,pgoodrichz@google.es,nY9>xpN&fx,inactive,2023-11-14 09:28:40,2023-11-14 09:28:40
37,Yoko,Rault,yrault10@businesswire.com,bS3'o{eZ&ao,active,2023-11-14 09:28:40,2023-11-14 09:28:40
38,Lonnie,Cotton,lcotton11@123-reg.co.uk,"aJ2+$W,LI4>hkM/",inactive,2023-11-14 09:28:40,2023-11-14 09:28:40
39,Spence,Gullifant,sgullifant12@artisteer.com,"dK1""njQnEHe",active,2023-11-14 09:28:40,2023-11-14 09:28:40
40,Ulberto,Brigstock,ubrigstock13@si.edu,iX7+NiP{70(,active,2023-11-14 09:28:40,2023-11-14 09:28:40
41,Romonda,Gyse,rgyse14@etsy.com,sT8{qov1nqSHS+o,active,2023-11-14 09:28:40,2023-11-14 09:28:40
42,Ester,Svanini,esvanini15@ihg.com,hB4\5mO{Y37p9,inactive,2023-11-14 09:28:40,2023-11-14 09:28:40
43,Prinz,Rodolfi,prodolfi16@amazon.co.uk,vJ3%>my+m<ajr,inactive,2023-11-14 09:28:40,2023-11-14 09:28:40
44,Delmor,Ivanchikov,divanchikov17@adobe.com,"fF5&MoUpFWa#&,",inactive,2023-11-14 09:28:40,2023-11-14 09:28:40
45,Hyacinthia,Bulger,hbulger18@bloglines.com,pI0>Wo9Qyy,inactive,2023-11-14 09:28:40,2023-11-14 09:28:40
46,Edmund,Waterfall,ewaterfall19@aboutads.info,"oQ6,!JBUt}iCR",inactive,2023-11-14 09:28:40,2023-11-14 09:28:40
47,Aloysius,Bolitho,abolitho1a@behance.net,yY9=Ei0dW,inactive,2023-11-14 09:28:40,2023-11-14 09:28:40
48,Orlando,Morson,omorson1b@sciencedirect.com,xK3(q=xjC&Yp,inactive,2023-11-14 09:28:40,2023-11-14 09:28:40
49,Arline,Whiley,awhiley1c@google.com,lG3&U~Qp,inactive,2023-11-14 09:28:40,2023-11-14 09:28:40
50,Doti,Leppo,dleppo1d@unesco.org,vA5#h{FhI,inactive,2023-11-14 09:28:40,2023-11-14 09:28:40
